,0
0,https://finance.yahoo.com//news/stock-market-news-live-updates-october-21-2021-221556300.html
1,https://finance.yahoo.com//news/musk-offloads-528-million-tesla-034941619.html
2,https://finance.yahoo.com//news/us-stocks-wall-st-mints-212709810.html
3,https://finance.yahoo.com//news/energy-beats-broader-market-first-212221708.html
4,https://finance.yahoo.com//news/stock-market-news-live-updates-december-22-2021-231551382.html
5,https://finance.yahoo.com//news/stock-rebound-may-continue-asia-231720102.html
6,https://finance.yahoo.com//news/us-stocks-wall-st-rises-210023530.html
7,https://finance.yahoo.com//news/global-markets-u-stocks-rise-202253628.html
8,https://finance.yahoo.com//news/stock-market-open-christmas-eve-200050695.html
9,https://finance.yahoo.com//news/20-companies-spending-billions-to-boost-their-stock-prices-193433535.html
10,https://finance.yahoo.com//news/cassava-stock-hit-215-analyst-191557158.html
11,https://finance.yahoo.com//news/p-500-due-major-pullback-191007573.html
12,https://finance.yahoo.com//news/us-stocks-wall-st-gains-190853454.html
13,https://finance.yahoo.com//news/skywest-skyw-stock-increases-following-190607434.html
14,https://finance.yahoo.com//news/3-psychedelic-stocks-play-shroom-184306844.html
15,https://finance.yahoo.com//news/big-marijuana-stock-profits-surprising-183306983.html
16,https://finance.yahoo.com//news/lowes-low-stock-52-whats-180706894.html
17,https://finance.yahoo.com//news/santa-claus-rally-time-for-stock-market-92-years-of-data-says-maybe-180000074.html
18,https://finance.yahoo.com//news/graphic-48-hours-turkeys-roller-175318963.html
19,https://finance.yahoo.com//news/why-this-big-bull-sees-the-stock-market-stampeding-higher-in-2022-174631969.html
20,https://finance.yahoo.com//news/looking-growth-stock-3-reasons-174505148.html
21,https://finance.yahoo.com//news/looking-growth-stock-3-reasons-174505332.html
22,https://finance.yahoo.com//news/strong-buy-stocks-december-22nd-173105748.html
23,https://finance.yahoo.com//news/best-growth-stocks-buy-december-172605625.html
24,https://finance.yahoo.com//news/ride-wall-streets-rebound-rally-172505800.html
25,https://finance.yahoo.com//news/best-income-stocks-buy-december-171805392.html
26,https://finance.yahoo.com//news/kohls-corp-kss-stock-stands-171205963.html
27,https://finance.yahoo.com//news/why-kite-realty-krg-stock-171105931.html
28,https://finance.yahoo.com//news/us-stocks-wall-st-climbs-170202070.html
29,https://finance.yahoo.com//news/european-stocks-little-changed-traders-093303283.html
30,https://finance.yahoo.com//news/makes-extra-space-storage-exr-170005940.html
31,https://finance.yahoo.com//news/predictive-oncology-inc-poai-upgraded-170005559.html
32,https://finance.yahoo.com//news/sirius-xm-siri-upgraded-buy-170005743.html
33,https://finance.yahoo.com//news/siegy-vs-gww-stock-value-164004491.html
34,https://finance.yahoo.com//news/cpri-figs-better-value-stock-164004126.html
35,https://finance.yahoo.com//news/cern-vs-omcl-stock-value-164004216.html
36,https://finance.yahoo.com//news/hpe-vs-zi-stock-better-164004775.html
37,https://finance.yahoo.com//news/ptr-cvx-better-value-stock-164004697.html
38,https://finance.yahoo.com//news/emerging-markets-latam-fx-gains-163933016.html
39,https://finance.yahoo.com//news/global-markets-wall-street-opens-162620649.html
40,https://finance.yahoo.com//news/beacon-roofing-becn-stock-solid-162504336.html
41,https://finance.yahoo.com//news/p-500-price-forecast-stock-162435293.html
42,https://finance.yahoo.com//news/silver-price-forecast-silver-markets-162132213.html
43,https://finance.yahoo.com//news/biotech-stock-roundup-regulatory-updates-161904166.html
44,https://finance.yahoo.com//news/natural-gas-price-forecast-natural-161556236.html
45,https://finance.yahoo.com//news/implied-volatility-surging-microstrategy-mstr-161504112.html
46,https://finance.yahoo.com//news/1-u-crude-stocks-fall-161453035.html
47,https://finance.yahoo.com//news/airline-stock-roundup-dals-bullish-161404409.html
48,https://finance.yahoo.com//news/gold-price-forecast-gold-markets-161312157.html
49,https://finance.yahoo.com//news/why-tesla-stock-back-1-161132874.html
50,https://finance.yahoo.com//news/options-traders-betting-big-move-160904658.html
51,https://finance.yahoo.com//news/heres-why-retain-masimo-masi-160804053.html
52,https://finance.yahoo.com//news/victory-capital-vctr-stock-rises-160804836.html
53,https://finance.yahoo.com//news/3-strong-buy-stocks-under-160446617.html
54,https://finance.yahoo.com//news/best-value-stocks-buy-december-155203807.html
55,https://finance.yahoo.com//news/payroll-provider-paychex-stock-soared-155011381.html
56,https://finance.yahoo.com//news/jefferies-emerges-winner-texas-gun-154053406.html
57,https://finance.yahoo.com//news/hybrid-working-gaining-momentum-focus-153803725.html
58,https://finance.yahoo.com//news/3-advertising-stocks-poised-escape-153703067.html
59,https://finance.yahoo.com//news/whats-happening-allarity-therapeutics-stock-153147318.html
60,https://finance.yahoo.com//news/p-500-continues-rebound-omicron-152856243.html
61,https://finance.yahoo.com//news/markets-flat-down-final-q3-152303613.html
62,https://finance.yahoo.com//news/heres-why-markel-mkl-stock-151203151.html
63,https://finance.yahoo.com//news/wall-street-analysts-see-27-150003938.html
64,https://finance.yahoo.com//news/wall-street-analysts-predict-97-150003874.html
65,https://finance.yahoo.com//news/wall-street-analysts-predict-37-150003893.html
66,https://finance.yahoo.com//news/wall-street-analysts-think-arcos-150003942.html
67,https://finance.yahoo.com//news/wall-street-analysts-predict-30-150003202.html
68,https://finance.yahoo.com//news/wall-street-analysts-predict-35-150003819.html
69,https://finance.yahoo.com//news/wall-street-analysts-believe-first-150003973.html
70,https://finance.yahoo.com//news/us-stocks-wall-street-subdued-145951469.html
71,https://finance.yahoo.com//news/options-traders-know-something-smiledirectclub-145702781.html
72,https://finance.yahoo.com//news/blackberry-stock-turns-red-despite-145221249.html
73,https://finance.yahoo.com//news/strong-sell-stocks-december-22nd-145002713.html
74,https://finance.yahoo.com//news/amn-healthcare-services-amn-outperforming-144002080.html
75,https://finance.yahoo.com//news/auto-tires-trucks-stocks-great-144002512.html
76,https://finance.yahoo.com//news/build-bear-bbw-outpaced-other-144002235.html
77,https://finance.yahoo.com//news/olin-oln-stock-undervalued-now-144002767.html
78,https://finance.yahoo.com//news/lennar-len-stock-outpacing-construction-144002066.html
79,https://finance.yahoo.com//news/medallion-financial-mfin-stock-undervalued-144002992.html
80,https://finance.yahoo.com//news/standard-motor-products-smp-stock-144002888.html
81,https://finance.yahoo.com//news/raymond-james-financial-rjf-stock-144002402.html
82,https://finance.yahoo.com//news/ares-commercial-real-estate-acre-144002745.html
83,https://finance.yahoo.com//news/first-bancorp-fbp-stock-undervalued-144002036.html
84,https://finance.yahoo.com//news/retail-wholesale-stocks-great-value-144002953.html
85,https://finance.yahoo.com//news/value-investors-buy-limbach-lmb-144002814.html
86,https://finance.yahoo.com//news/finance-stocks-undervalued-now-144002270.html
87,https://finance.yahoo.com//news/arlo-technologies-arlo-stock-outpacing-144002260.html
88,https://finance.yahoo.com//news/sirius-xm-siri-outpaced-other-144002738.html
89,https://finance.yahoo.com//news/veritiv-vrtv-stock-outpacing-basic-144002887.html
90,https://finance.yahoo.com//news/victory-capital-holdings-vctr-stock-144002519.html
91,https://finance.yahoo.com//news/best-momentum-stocks-buy-december-143802506.html
92,https://finance.yahoo.com//news/thor-industries-stock-rolls-higher-143504120.html
93,https://finance.yahoo.com//news/value-investors-choose-snap-sna-143502886.html
94,https://finance.yahoo.com//news/options-traders-know-something-dave-143102310.html
95,https://finance.yahoo.com//news/rentacenter-rcii-great-stock-value-143002256.html
96,https://finance.yahoo.com/https://finance.yahoo.com/news/nfl-covid-rules-steve-young-191947848.html
97,https://finance.yahoo.com/https://finance.yahoo.com/news/real-estate-firm-to-offer-brokers-payment-in-crypto-as-part-of-natural-progression-221748445.html
98,https://finance.yahoo.com/https://finance.yahoo.com/news/doctors-lament-exhausting-omicron-wave-were-trying-to-juggle-a-million-things-at-once-230259242.html
99,https://finance.yahoo.com/https://finance.yahoo.com/news/facebook-papers-how-the-2021-leak-could-haunt-meta-in-2022-162233905.html
100,https://finance.yahoo.com/https://finance.yahoo.com/news/think-very-dangerous-thing-trump-203448475.html
101,https://finance.yahoo.com/https://finance.yahoo.com/news/elon-musk-pokes-fun-metaverse-131841916.html
102,https://finance.yahoo.com/https://finance.yahoo.com/news/santa-claus-rally-time-for-stock-market-92-years-of-data-says-maybe-180000074.html
103,https://finance.yahoo.com/https://finance.yahoo.com/news/jim-cramer-metaverse-coming-4-224600563.html
104,https://finance.yahoo.com/https://finance.yahoo.com/news/stock-market-news-live-updates-december-22-2021-231551382.html
105,https://finance.yahoo.com//news/global-markets-fading-omicron-concerns-104717445.html
106,https://finance.yahoo.com/https://news.yahoo.com/black-americans-continue-see-higher-100022680.html
107,https://finance.yahoo.com//news/china-halve-settlement-fees-stock-094038540.html
108,https://finance.yahoo.com//news/epic-winning-run-indian-stocks-073650053.html
109,https://finance.yahoo.com//news/stock-rally-may-continue-asia-221418421.html
110,https://finance.yahoo.com//news/global-markets-shares-edge-dollar-043207716.html
111,https://finance.yahoo.com//news/european-stock-futures-drift-lower-025455411.html
112,https://finance.yahoo.com//news/brent-crude-futures-snap-3-025404763.html
113,https://finance.yahoo.com//news/swift-announces-plans-enter-tokenized-000707689.html
114,https://finance.yahoo.com//news/duke-energy-duk-stock-sinks-231511187.html
115,https://finance.yahoo.com//news/corsair-gaming-inc-crsr-outpaces-231511574.html
116,https://finance.yahoo.com//news/zebra-technologies-zbra-gains-lags-231511994.html
117,https://finance.yahoo.com//news/cigna-ci-outpaces-stock-market-231511731.html
118,https://finance.yahoo.com//news/astrazeneca-azn-stock-sinks-market-231511237.html
119,https://finance.yahoo.com//news/ovintiv-ovv-stock-sinks-market-231511714.html
120,https://finance.yahoo.com//news/albertsons-companies-inc-aci-gains-231511045.html
121,https://finance.yahoo.com//news/united-microelectronics-corporation-umc-stock-231511025.html
122,https://finance.yahoo.com//news/carrier-global-carr-gains-lags-231511020.html
123,https://finance.yahoo.com//news/levi-strauss-levi-outpaces-stock-231511889.html
124,https://finance.yahoo.com//news/louisiana-pacific-lpx-gains-lags-231511538.html
125,https://finance.yahoo.com//news/philip-morris-pm-gains-lags-231511737.html
126,https://finance.yahoo.com//news/cummins-cmi-outpaces-stock-market-231511509.html
127,https://finance.yahoo.com//news/align-technology-algn-outpaces-stock-231511037.html
128,https://finance.yahoo.com//news/sony-sony-stock-moves-0-231511859.html
129,https://finance.yahoo.com//news/century-communities-ccs-stock-sinks-231511623.html
130,https://finance.yahoo.com//news/microchip-technology-mchp-outpaces-stock-231511226.html
131,https://finance.yahoo.com//news/cameco-ccj-gains-lags-market-231511963.html
132,https://finance.yahoo.com//news/analog-devices-adi-gains-lags-231511151.html
133,https://finance.yahoo.com//news/tapestry-tpr-gains-lags-market-231511307.html
134,https://finance.yahoo.com//news/european-equities-quiet-day-markets-230038704.html
135,https://finance.yahoo.com//news/agilent-technologies-outpaces-stock-market-230011020.html
136,https://finance.yahoo.com//news/danaos-dac-gains-lags-market-230011029.html
137,https://finance.yahoo.com//news/kb-home-kbh-gains-lags-230011940.html
138,https://finance.yahoo.com//news/maxlinear-mxl-outpaces-stock-market-230011417.html
139,https://finance.yahoo.com//news/totalenergies-se-sponsored-adr-tte-230011806.html
140,https://finance.yahoo.com//news/diodes-diod-outpaces-stock-market-230011736.html
141,https://finance.yahoo.com//news/asbury-automotive-group-abg-gains-230011984.html
142,https://finance.yahoo.com//news/garmin-grmn-gains-lags-market-230011012.html
143,https://finance.yahoo.com//news/star-bulk-carriers-sblk-outpaces-230011070.html
144,https://finance.yahoo.com//news/tempur-sealy-tpx-stock-sinks-230011887.html
145,https://finance.yahoo.com//news/sunoco-lp-sun-outpaces-stock-230011641.html
146,https://finance.yahoo.com//news/k12-lrn-outpaces-stock-market-230011260.html
147,https://finance.yahoo.com//news/albemarle-alb-outpaces-stock-market-230011574.html
148,https://finance.yahoo.com//news/servicenow-now-outpaces-stock-market-230011577.html
149,https://finance.yahoo.com//news/v-f-vfc-stock-sinks-230011021.html
150,https://finance.yahoo.com//news/boston-beer-sam-gains-lags-230011225.html
151,https://finance.yahoo.com//news/crispr-therapeutics-ag-crsp-outpaces-230011195.html
152,https://finance.yahoo.com//news/biogen-inc-biib-gains-lags-230011989.html
153,https://finance.yahoo.com//news/kraft-heinz-khc-gains-lags-230011262.html
154,https://finance.yahoo.com//news/idexx-laboratories-idxx-outpaces-stock-230011549.html
155,https://finance.yahoo.com//news/p-reit-index-fund-fri-230011228.html
156,https://finance.yahoo.com//news/nutrien-ntr-outpaces-stock-market-225010598.html
157,https://finance.yahoo.com//news/nexa-resources-nexa-outpaces-stock-225010833.html
158,https://finance.yahoo.com//news/cloudflare-net-gains-lags-market-225010213.html
159,https://finance.yahoo.com//news/twilio-twlo-stock-sinks-market-225010037.html
160,https://finance.yahoo.com//news/scansource-scsc-outpaces-stock-market-225010020.html
161,https://finance.yahoo.com//news/olin-oln-outpaces-stock-market-225010990.html
162,https://finance.yahoo.com//news/danaher-dhr-gains-lags-market-225010407.html
163,https://finance.yahoo.com//news/twitter-twtr-gains-lags-market-225010883.html
164,https://finance.yahoo.com//news/american-airlines-aal-flat-market-225010157.html
165,https://finance.yahoo.com//news/baidu-inc-bidu-gains-lags-225010328.html
166,https://finance.yahoo.com//news/suncor-energy-su-gains-lags-225010087.html
167,https://finance.yahoo.com//news/thermo-fisher-scientific-tmo-stock-225010596.html
168,https://finance.yahoo.com//news/steel-dynamics-stld-gains-lags-225010766.html
169,https://finance.yahoo.com//news/chemours-cc-stock-sinks-market-225010456.html
170,https://finance.yahoo.com//news/quantumscape-corporation-qs-outpaces-stock-225010576.html
171,https://finance.yahoo.com//news/enphase-energy-enph-stock-sinks-225010339.html
172,https://finance.yahoo.com//news/raytheon-technologies-rtx-outpaces-stock-225010989.html
173,https://finance.yahoo.com//news/gilead-sciences-gild-gains-lags-225010431.html
174,https://finance.yahoo.com//news/qorvo-qrvo-gains-lags-market-225010567.html
175,https://finance.yahoo.com//news/alcoa-aa-gains-lags-market-224510025.html
176,https://finance.yahoo.com//news/intuitive-surgical-inc-isrg-gains-224510493.html
177,https://finance.yahoo.com//news/energy-transfer-lp-et-gains-224510246.html
178,https://finance.yahoo.com//news/autonation-gains-lags-market-know-224510354.html
179,https://finance.yahoo.com//news/united-states-steel-x-outpaces-224510931.html
180,https://finance.yahoo.com//news/general-motors-company-gm-outpaces-224510293.html
181,https://finance.yahoo.com//news/alibaba-baba-outpaces-stock-market-224510310.html
182,https://finance.yahoo.com//news/qualcomm-qcom-outpaces-stock-market-224510959.html
183,https://finance.yahoo.com//news/walt-disney-dis-outpaces-stock-224510580.html
184,https://finance.yahoo.com//news/lam-research-lrcx-outpaces-stock-224510917.html
185,https://finance.yahoo.com//news/mosaic-mos-outpaces-stock-market-224510724.html
186,https://finance.yahoo.com//news/paycom-software-payc-gains-lags-224510280.html
187,https://finance.yahoo.com//news/covenant-logistics-cvlg-outpaces-stock-224510640.html
188,https://finance.yahoo.com//news/devon-energy-dvn-stock-sinks-224510908.html
189,https://finance.yahoo.com//news/wells-fargo-wfc-outpaces-stock-224510963.html
190,https://finance.yahoo.com//news/affirm-holdings-afrm-gains-lags-224510763.html
191,https://finance.yahoo.com//news/nokia-nok-outpaces-stock-market-224510239.html
192,https://finance.yahoo.com//news/activision-blizzard-inc-atvi-outpaces-224510811.html
193,https://finance.yahoo.com//news/apple-aapl-gains-lags-market-224510349.html
194,https://finance.yahoo.com//news/pultegroup-phm-gains-lags-market-224510593.html
195,https://finance.yahoo.com//news/retail-investors-very-good-for-markets-new-study-214545242.html
196,https://finance.yahoo.com//news/canada-stocks-toronto-market-climbs-213522868.html
197,https://finance.yahoo.com//news/stock-market-today-p-500-212330143.html
198,https://finance.yahoo.com//news/asian-stocks-steadies-omicron-virulence-211623345.html
199,https://finance.yahoo.com//news/stock-market-news-live-updates-december-23-2021-233647896.html
200,https://finance.yahoo.com//news/hedge-funds-kick-risk-addiction-210731779.html
201,https://finance.yahoo.com//news/asian-stocks-set-advance-amid-232332344.html
202,https://finance.yahoo.com//news/us-stocks-wall-street-climbs-210037369.html
203,https://finance.yahoo.com//news/5-cheap-dividend-stocks-buy-203508593.html
204,https://finance.yahoo.com//news/global-markets-market-bulls-push-200456282.html
205,https://finance.yahoo.com//news/emerging-markets-mexican-peso-perus-200138678.html
206,https://finance.yahoo.com//news/10-best-health-care-stocks-205602006.html
207,https://finance.yahoo.com//news/opportunity-brewing-alibaba-stock-says-192844869.html
208,https://finance.yahoo.com//news/analyst-calls-micron-best-idea-191518547.html
209,https://finance.yahoo.com//news/alibaba-other-chinese-stocks-face-190942952.html
210,https://finance.yahoo.com//news/us-stocks-wall-street-rises-190430554.html
211,https://finance.yahoo.com//news/why-j-b-hunt-jbht-184506567.html
212,https://finance.yahoo.com//news/why-c-h-robinson-chrw-184106679.html
213,https://finance.yahoo.com//news/p-500-set-notch-time-183806302.html
214,https://finance.yahoo.com//news/3-under-10-electronics-stocks-183606649.html
215,https://finance.yahoo.com//news/treasuries-yields-higher-progress-omicron-183001573.html
216,https://finance.yahoo.com//news/top-stock-reports-tesla-adobe-182506806.html
217,https://finance.yahoo.com//news/heres-why-wise-retain-vornado-182106975.html
218,https://finance.yahoo.com/https://finance.yahoo.com/news/lawsuits-mount-against-procter-gamble-173922965.html
219,https://finance.yahoo.com/https://finance.yahoo.com/news/elizabeth-holmes-jury-does-not-reach-verdict-will-resume-deliberating-monday-234516515.html
220,https://finance.yahoo.com/https://finance.yahoo.com/news/testing-covid-too-long-215335623.html
221,https://finance.yahoo.com/https://finance.yahoo.com/news/rite-aid-close-63-stores-200546139.html
222,https://finance.yahoo.com/https://finance.yahoo.com/news/amazon-suicide-peak-workplace-violence-leaked-email-165031915.html
223,https://finance.yahoo.com/https://finance.yahoo.com/news/ray-dalio-says-cash-savings-150000660.html
224,https://finance.yahoo.com/https://finance.yahoo.com/news/retail-investors-very-good-for-markets-new-study-214545242.html
225,https://finance.yahoo.com/https://finance.yahoo.com/news/fresh-express-recalls-salad-products-150905208.html
226,https://finance.yahoo.com/https://finance.yahoo.com/news/shiba-inu-price-prediction-2022-082926118.html
227,https://finance.yahoo.com//news/emerging-markets-turkish-lira-eyes-110634209.html
228,https://finance.yahoo.com/https://finance.yahoo.com/news/all-i-want-for-christmas-is-you-sets-records-and-keeps-mariah-carey-raking-in-money-181844765.html
229,https://finance.yahoo.com//news/asian-stocks-set-muted-start-231033951.html
230,https://finance.yahoo.com//news/91-asset-plunge-hits-blackrock-121530978.html
231,https://finance.yahoo.com//news/stock-market-news-live-updates-december-29-2021-233614054.html
232,https://finance.yahoo.com//news/global-markets-blistering-stock-rally-121244163.html
233,https://finance.yahoo.com//news/big-p-500-bear-market-120000548.html
234,https://finance.yahoo.com//news/strong-buy-stocks-december-29th-115411960.html
235,https://finance.yahoo.com//news/futures-resume-end-rally-thin-114942567.html
236,https://finance.yahoo.com//news/us-stocks-futures-resume-end-114429259.html
237,https://finance.yahoo.com//news/focus-two-dollar-bond-coupon-005456457.html
238,https://finance.yahoo.com//news/best-income-stocks-buy-december-112911263.html
239,https://finance.yahoo.com//news/strong-sell-stocks-december-29th-112211791.html
240,https://finance.yahoo.com//news/cee-markets-stocks-rise-thin-104119382.html
241,https://finance.yahoo.com//news/1-european-shares-hover-near-101223776.html
242,https://finance.yahoo.com//news/china-dollar-bond-market-risks-093000267.html
243,https://finance.yahoo.com//news/rpt-global-markets-asia-shares-092741811.html
244,https://finance.yahoo.com//news/china-stocks-slide-most-week-051613228.html
245,https://finance.yahoo.com//news/banks-retail-stocks-power-european-080238811.html
246,https://finance.yahoo.com//news/u-dollar-index-dx-futures-074342551.html
247,https://finance.yahoo.com//news/gold-price-futures-gc-technical-071120486.html
248,https://finance.yahoo.com//news/harris-quietly-taps-wall-street-070000064.html
249,https://finance.yahoo.com//news/global-markets-asia-shares-slip-055142560.html
250,https://finance.yahoo.com//news/e-mini-nasdaq-100-index-041008968.html
251,https://finance.yahoo.com//news/teslas-musk-completes-option-related-030115346.html
252,https://finance.yahoo.com//news/p-global-sees-no-defi-022534216.html
253,https://finance.yahoo.com//news/european-equities-quiet-economic-calendar-005530551.html
254,https://finance.yahoo.com//news/rpt-us-stocks-p-500-003415126.html
255,https://finance.yahoo.com//news/2-things-wall-street-misses-001358422.html
256,https://finance.yahoo.com//news/ryder-r-gains-market-dips-231511297.html
257,https://finance.yahoo.com//news/silicon-motion-simo-dips-more-231511029.html
258,https://finance.yahoo.com//news/deckers-deck-gains-market-dips-231511184.html
259,https://finance.yahoo.com//news/blackrock-blk-stock-moves-0-231511848.html
260,https://finance.yahoo.com//news/logitech-logi-dips-more-broader-231511552.html
261,https://finance.yahoo.com//news/juniper-networks-jnpr-gains-market-231511885.html
262,https://finance.yahoo.com//news/two-interactive-ttwo-stock-moves-231511948.html
263,https://finance.yahoo.com//news/f5-networks-ffiv-gains-market-231511081.html
264,https://finance.yahoo.com//news/lyondellbasell-lyb-gains-market-dips-231511401.html
265,https://finance.yahoo.com//news/electronic-arts-ea-gains-market-231511929.html
266,https://finance.yahoo.com//news/coupang-inc-cpng-gains-market-231511116.html
267,https://finance.yahoo.com//news/generac-holdings-gnrc-dips-more-231511258.html
268,https://finance.yahoo.com//news/honeywell-international-inc-hon-gains-231511440.html
269,https://finance.yahoo.com//news/cnh-industrial-cnhi-dips-more-231511579.html
270,https://finance.yahoo.com//news/hca-healthcare-hca-gains-market-231511495.html
271,https://finance.yahoo.com//news/southwest-airlines-luv-gains-market-231511879.html
272,https://finance.yahoo.com//news/qualys-qlys-gains-market-dips-231511570.html
273,https://finance.yahoo.com//news/comcast-cmcsa-gains-market-dips-231511991.html
274,https://finance.yahoo.com//news/las-vegas-sands-lvs-dips-231511218.html
275,https://finance.yahoo.com//news/united-airlines-ual-gains-market-231511370.html
276,https://finance.yahoo.com//news/amgen-amgn-gains-market-dips-230011519.html
277,https://finance.yahoo.com//news/texas-instruments-txn-dips-more-230011863.html
278,https://finance.yahoo.com//news/m-homes-mho-stock-moves-230011389.html
279,https://finance.yahoo.com//news/costamare-cmre-dips-more-broader-230011925.html
280,https://finance.yahoo.com//news/toyota-motor-corporation-tm-dips-230011689.html
281,https://finance.yahoo.com//news/fortinet-ftnt-dips-more-broader-230011421.html
282,https://finance.yahoo.com//news/delta-air-lines-dal-gains-230011385.html
283,https://finance.yahoo.com//news/union-pacific-unp-gains-market-230011448.html
284,https://finance.yahoo.com//news/lithia-motors-lad-dips-more-230011827.html
285,https://finance.yahoo.com//news/t-mobile-tmus-dips-more-230011918.html
286,https://finance.yahoo.com//news/herc-holdings-hri-dips-more-230011946.html
287,https://finance.yahoo.com//news/wynn-resorts-wynn-dips-more-230011972.html
288,https://finance.yahoo.com//news/morgan-stanley-ms-dips-more-230011732.html
289,https://finance.yahoo.com//news/kla-klac-dips-more-broader-230011528.html
290,https://finance.yahoo.com//news/eli-lilly-lly-dips-more-230011500.html
291,https://finance.yahoo.com//news/western-digital-wdc-gains-market-230011329.html
292,https://finance.yahoo.com//news/abbott-abt-dips-more-broader-230011819.html
293,https://finance.yahoo.com//news/kulicke-soffa-klic-dips-more-230011748.html
294,https://finance.yahoo.com//news/honda-motor-hmc-stock-moves-230011326.html
295,https://finance.yahoo.com//news/arbor-realty-trust-abr-gains-230011005.html
296,https://finance.yahoo.com//news/enbridge-enb-dips-more-broader-225010378.html
297,https://finance.yahoo.com//news/altria-mo-gains-market-dips-225010348.html
298,https://finance.yahoo.com//news/freeport-mcmoran-fcx-flat-market-225010029.html
299,https://finance.yahoo.com//news/bristol-myers-squibb-bmy-gains-225010393.html
300,https://finance.yahoo.com//news/bp-bp-dips-more-broader-225010729.html
301,https://finance.yahoo.com//news/enterprise-products-partners-epd-gains-225010479.html
302,https://finance.yahoo.com//news/goldman-sachs-gs-dips-more-225010651.html
303,https://finance.yahoo.com//news/arcbest-arcb-dips-more-broader-225010336.html
304,https://finance.yahoo.com//news/zynga-znga-dips-more-broader-225010260.html
305,https://finance.yahoo.com//news/comstock-resources-crk-dips-more-225010286.html
306,https://finance.yahoo.com//news/arcelormittal-mt-dips-more-broader-225010380.html
307,https://finance.yahoo.com//news/3m-mmm-gains-market-dips-225010344.html
308,https://finance.yahoo.com//news/procter-gamble-pg-gains-market-225010544.html
309,https://finance.yahoo.com//news/skyworks-solutions-swks-gains-market-225010306.html
310,https://finance.yahoo.com//news/unitedhealth-group-unh-gains-market-225010453.html
311,https://finance.yahoo.com//news/starbucks-sbux-gains-market-dips-225010862.html
312,https://finance.yahoo.com//news/snap-snap-dips-more-broader-225010628.html
313,https://finance.yahoo.com//news/cisco-systems-csco-gains-market-225010523.html
314,https://finance.yahoo.com//news/citigroup-c-stock-moves-0-225010648.html
315,https://finance.yahoo.com//news/daseke-dske-dips-more-broader-225010079.html
316,https://finance.yahoo.com//news/bridgebio-stock-buy-following-heart-224624942.html
317,https://finance.yahoo.com//news/nucor-nue-dips-more-broader-224510123.html
318,https://finance.yahoo.com//news/tesla-tsla-dips-more-broader-224510883.html
319,https://finance.yahoo.com//news/pinterest-pins-dips-more-broader-224510554.html
320,https://finance.yahoo.com//news/ford-motor-company-f-dips-224510541.html
321,https://finance.yahoo.com//news/amazon-amzn-gains-market-dips-224510307.html
322,https://finance.yahoo.com//news/alphabet-googl-dips-more-broader-224510111.html
323,https://finance.yahoo.com//news/palantir-technologies-inc-pltr-dips-224510599.html
324,https://finance.yahoo.com//news/intel-intc-dips-more-broader-224510395.html
325,https://finance.yahoo.com//news/shopify-shop-dips-more-broader-224510918.html
326,https://finance.yahoo.com//news/exxon-mobil-xom-dips-more-224510685.html
327,https://finance.yahoo.com//news/paypal-pypl-dips-more-broader-224510826.html
328,https://finance.yahoo.com//news/ibm-ibm-gains-market-dips-224510174.html
329,https://finance.yahoo.com//news/avnet-avt-stock-moves-0-224510032.html
330,https://finance.yahoo.com//news/roku-roku-gains-market-dips-224510212.html
331,https://finance.yahoo.com//news/microsoft-msft-dips-more-broader-224510155.html
332,https://finance.yahoo.com//news/advanced-micro-devices-amd-dips-224510926.html
333,https://finance.yahoo.com//news/abbvie-abbv-stock-moves-0-224510516.html
334,https://finance.yahoo.com//news/t-t-gains-market-dips-224510313.html
335,https://finance.yahoo.com//news/meta-platforms-fb-gains-market-224510420.html
336,https://finance.yahoo.com//news/chevron-cvx-dips-more-broader-224510141.html
337,https://finance.yahoo.com//news/first-profit-screen-strong-stocks-223210585.html
338,https://finance.yahoo.com//news/invesco-ftse-rafi-emerging-markets-222607553.html
339,https://finance.yahoo.com//news/global-markets-global-stocks-end-221843858.html
340,https://finance.yahoo.com//news/ford-market-value-closes-above-211817824.html
341,https://finance.yahoo.com//news/1-200-rally-korea-star-220000685.html
342,https://finance.yahoo.com//news/sorrento-huge-upside-store-overlooked-214809179.html
343,https://finance.yahoo.com//news/3-stocks-buy-now-big-214609856.html
344,https://finance.yahoo.com//news/asian-stocks-down-u-megacap-213314726.html
345,https://finance.yahoo.com/https://finance.yahoo.com/news/omicron-is-forcing-a-necessary-rethink-of-vaccine-passports-morning-brief-100808464.html
346,https://finance.yahoo.com/https://finance.yahoo.com/news/these-covid-tax-benefits-are-set-to-expire-before-jan-1-165503954.html
347,https://finance.yahoo.com/https://finance.yahoo.com/news/these-three-indicators-may-predict-how-the-stock-market-performs-in-2022-analyst-201508279.html
348,https://finance.yahoo.com/https://finance.yahoo.com/news/elon-musk-reveals-bitcoins-mysterious-092400662.html
349,https://finance.yahoo.com/https://finance.yahoo.com/news/10-housing-markets-hidden-gems-110359818.html
350,https://finance.yahoo.com/https://finance.yahoo.com/news/apple-aims-prevent-defections-meta-191125211.html
351,https://finance.yahoo.com/https://finance.yahoo.com/news/ny-restaurant-owner-will-not-be-mandating-rather-encouraging-staff-to-get-booster-194733653.html
352,https://finance.yahoo.com/https://finance.yahoo.com/news/stimulus-checks-coming-2022-one-180000780.html
353,https://finance.yahoo.com/https://finance.yahoo.com/news/teslas-musk-completes-option-related-030115346.html
